treeID,predicted_species
17947,Crataegus_monogyna
05911,Picea_abies
03657,Quercus_petraea
13646,Abies_alba
16823,Crataegus_monogyna
16891,Crataegus_monogyna
16876,Crataegus_monogyna
17047,Euonymus_europaeus
12342,Picea_abies
07240,Pinus_pinaster
10077,Populus_tremuloides
11423,Pinus_sylvestris
03867,Fraxinus_excelsior
13584,Picea_glauca
10001,Populus_tremuloides
11950,Betula_pendula
07914,Quercus_faginea
10726,Acer_pseudoplatanus
10467,Pinus_resinosa
15352,Acer_campestre
08926,Quercus_ilex
03630,Pinus_sylvestris
02645,Pinus_sylvestris
17112,Fraxinus_angustifolia
08049,Quercus_faginea
19203,Fagus_sylvatica
11213,Acer_pseudoplatanus
14230,Acer_campestre
16659,Crataegus_monogyna
17187,Quercus_robur
08247,Quercus_faginea
16613,Carpinus_betulus
19331,Fagus_sylvatica
09022,Quercus_ilex
03877,Carpinus_betulus
06545,Quercus_rubra
11928,Pinus_sylvestris
15466,Tilia_cordata
17350,Tilia_cordata
10242,Acer_saccharum
13955,Quercus_robur
04047,Acer_pseudoplatanus
00097,Eucalyptus_miniata
17097,Acer_campestre
11800,Picea_abies
17212,Fraxinus_angustifolia
00166,Eucalyptus_miniata
08515,Quercus_faginea
11823,Picea_abies
09796,Pinus_contorta
08236,Quercus_faginea
11173,Fraxinus_excelsior
06930,Pinus_nigra
03151,Fagus_sylvatica
00085,Eucalyptus_miniata
05761,Prunus_avium
12898,Picea_abies
08151,Pinus_nigra
17211,Fagus_sylvatica
17641,Carpinus_betulus
05867,Pseudotsuga_menziesii
11389,Pinus_radiata
13059,Quercus_robur
03848,Carpinus_betulus
03441,Pinus_sylvestris
16579,Carpinus_betulus
17475,Tilia_cordata
13629,Abies_alba
05938,Pseudotsuga_menziesii
10672,Acer_pseudoplatanus
10179,Acer_saccharum
19449,Fagus_sylvatica
10256,Acer_saccharum
17306,Ulmus_laevis
13067,Crataegus_monogyna
17672,Tilia_cordata
00325,Eucalyptus_miniata
10372,Pinus_resinosa
15465,Acer_campestre
15717,Carpinus_betulus
13081,Pseudotsuga_menziesii
04936,Quercus_petraea
11994,Betula_pendula
03979,Carpinus_betulus
06613,Quercus_rubra
03167,Fagus_sylvatica
10990,Acer_pseudoplatanus
13621,Picea_glauca
11208,Acer_pseudoplatanus
12026,Betula_pendula
10461,Pinus_sylvestris
09346,Betula_pendula
17223,Acer_campestre
10433,Pinus_resinosa
10194,Acer_saccharum
10992,Acer_pseudoplatanus
08235,Pinus_nigra
19301,Fagus_sylvatica
16773,Acer_campestre
19502,Fagus_sylvatica
09941,Populus_deltoides
07363,Quercus_ilex
11243,Fraxinus_excelsior
13364,Abies_alba
07179,Pinus_nigra
12701,Betula_pendula
13540,Picea_glauca
07646,Quercus_faginea
07241,Pinus_pinaster
13092,Picea_abies
07238,Pinus_pinaster
19393,Fagus_sylvatica
06280,Quercus_petraea
16011,Fagus_sylvatica
07325,Pinus_pinaster
13302,Picea_abies
07423,Pinus_sylvestris
12788,Betula_pendula
15361,Acer_campestre
09749,Pinus_contorta
06786,Pinus_nigra
08216,Quercus_faginea
16957,Carpinus_betulus
17295,Carpinus_betulus
09052,Quercus_ilex
16885,Crataegus_monogyna
17161,Fraxinus_angustifolia
10322,Pinus_resinosa
06605,Quercus_rubra
16726,Acer_campestre
00739,Quercus_rubra
20245,Pinus_sylvestris
06484,Betula_pendula
13876,Pseudotsuga_menziesii
12122,Betula_pendula
03661,Quercus_petraea
04724,Fagus_sylvatica
17384,Tilia_cordata
10514,Pinus_resinosa
17284,Acer_campestre
16768,Crataegus_monogyna
06637,Pinus_nigra
07156,Pinus_nigra
13357,Abies_alba
11360,Pinus_radiata
17227,Fraxinus_angustifolia
11951,Betula_pendula
09947,Populus_deltoides
13114,Pinus_sylvestris
17293,Fagus_sylvatica
07741,Quercus_faginea
07092,Pinus_nigra
15260,Acer_campestre
12162,Betula_pendula
10632,Acer_pseudoplatanus
11236,Fraxinus_excelsior
05745,Fagus_sylvatica
06438,Quercus_petraea
05340,Picea_abies
04476,Fagus_sylvatica
16561,Carpinus_betulus
08893,Quercus_ilex
03357,Picea_abies
13214,Picea_abies
17478,Tilia_cordata
06872,Pinus_nigra
03896,Fagus_sylvatica
13450,Picea_glauca
17828,Ulmus_laevis
19037,Fagus_sylvatica
09937,Populus_deltoides
16861,Crataegus_monogyna
09369,Picea_abies
16944,Tilia_cordata
11256,Quercus_robur
00708,Pseudotsuga_menziesii
10130,Populus_tremuloides
00741,Quercus_rubra
17219,Acer_campestre
16964,Euonymus_europaeus
07159,Pinus_nigra
17775,Acer_campestre
05775,Acer_pseudoplatanus
17402,Crataegus_monogyna
11102,Corylus_avellana
10931,Acer_pseudoplatanus
07692,Quercus_ilex
02162,Pinus_sylvestris
06736,Pinus_nigra
16655,Crataegus_monogyna
03971,Fagus_sylvatica
12244,Betula_pendula
08992,Quercus_faginea
12045,Betula_pendula
00745,Quercus_rubra
11973,Betula_pendula
10298,Acer_saccharum
04024,Carpinus_betulus
09678,Pinus_contorta
09808,Pinus_contorta
10361,Pinus_resinosa
06985,Pinus_nigra
03229,Fagus_sylvatica
17311,Carpinus_betulus
19518,Fagus_sylvatica
10274,Acer_saccharum
03154,Fagus_sylvatica
09721,Pinus_contorta
00212,Eucalyptus_miniata
10025,Populus_tremuloides
04990,Pinus_sylvestris
10527,Pinus_resinosa
00784,Quercus_rubra
03743,Fagus_sylvatica
06185,Quercus_petraea
12147,Pinus_sylvestris
00312,Eucalyptus_miniata
17649,Tilia_cordata
13608,Picea_glauca
16982,Euonymus_europaeus
13548,Picea_glauca
03112,Fagus_sylvatica
06181,Quercus_petraea
00252,Eucalyptus_miniata
00971,Quercus_rubra
05520,Picea_abies
10024,Populus_tremuloides
17896,Crataegus_monogyna
17059,Euonymus_europaeus
05815,Pseudotsuga_menziesii
11177,Fraxinus_excelsior
12475,Picea_abies
13432,Picea_glauca
00689,Pseudotsuga_menziesii
09166,Betula_pendula
10002,Acer_pseudoplatanus
12796,Betula_pendula
08843,Quercus_ilex
06216,Fagus_sylvatica
10265,Acer_saccharum
11164,Corylus_avellana
03792,Ulmus_laevis
11372,Pinus_radiata
03464,Quercus_petraea
03655,Quercus_petraea
12089,Picea_abies
07636,Quercus_faginea
18577,Fagus_sylvatica
09814,Pinus_contorta
07004,Pinus_nigra
10102,Populus_tremuloides
10162,Acer_saccharum
16666,Acer_campestre
03443,Fagus_sylvatica
11961,Betula_pendula
04961,Larix_decidua
13452,Picea_glauca
05619,Pinus_sylvestris
03442,Fagus_sylvatica
11209,Acer_pseudoplatanus
06699,Pinus_nigra
07694,Quercus_faginea
09266,Picea_abies
06207,Quercus_petraea
17111,Fraxinus_angustifolia
06707,Pinus_nigra
12057,Picea_abies
10277,Pinus_contorta
04622,Fagus_sylvatica
06233,Acer_pseudoplatanus
10429,Pinus_resinosa
17530,Tilia_cordata
10434,Pinus_resinosa
17662,Tilia_cordata
03199,Fagus_sylvatica
08197,Quercus_faginea
10981,Acer_pseudoplatanus
10139,Populus_tremuloides
11171,Acer_pseudoplatanus
09970,Populus_deltoides
05958,Pseudotsuga_menziesii
15512,Fraxinus_angustifolia
04046,Carpinus_betulus
18007,Acer_campestre
10457,Pinus_resinosa
00751,Quercus_rubra
06331,Quercus_petraea
04795,Quercus_petraea
09065,Quercus_ilex
13164,Betula_pendula
07025,Pinus_nigra
06414,Quercus_petraea
20084,Pinus_sylvestris
05956,Pseudotsuga_menziesii
06683,Pinus_nigra
07654,Quercus_faginea
04166,Fagus_sylvatica
08244,Quercus_faginea
00361,Eucalyptus_miniata
10072,Populus_tremuloides
17096,Acer_campestre
12987,Pinus_sylvestris
00258,Eucalyptus_miniata
00238,Eucalyptus_miniata
17240,Fraxinus_angustifolia
11222,Acer_pseudoplatanus
09077,Quercus_ilex
16605,Carpinus_betulus
10445,Pinus_resinosa
10959,Acer_pseudoplatanus
03827,Larix_decidua
05932,Pseudotsuga_menziesii
08383,Quercus_faginea
13886,Abies_alba
19851,Betula_pendula
05921,Picea_abies
12771,Pinus_sylvestris
06075,Pseudotsuga_menziesii
09673,Pinus_contorta
16799,Acer_campestre
06377,Quercus_petraea
11547,Betula_pendula
13415,Picea_glauca
12693,Pinus_sylvestris
06834,Pinus_nigra
06343,Quercus_petraea
17305,Tilia_cordata
09987,Populus_deltoides
11303,Pinus_radiata
00338,Eucalyptus_miniata
04392,Fagus_sylvatica
15495,Ulmus_laevis
01003,Pinus_sylvestris
16900,Crataegus_monogyna
10121,Populus_tremuloides
09830,Pinus_contorta
02742,Pinus_sylvestris
00841,Fraxinus_angustifolia
16583,Carpinus_betulus
00236,Eucalyptus_miniata
00707,Pseudotsuga_menziesii
17213,Fraxinus_angustifolia
13643,Abies_alba
11182,Fraxinus_excelsior
19888,Betula_pendula
03748,Fagus_sylvatica
05006,Larix_decidua
11166,Fraxinus_excelsior
09095,Quercus_ilex
19524,Fagus_sylvatica
00302,Eucalyptus_miniata
04321,Fagus_sylvatica
16843,Crataegus_monogyna
17101,Fraxinus_angustifolia
17790,Tilia_cordata
06212,Quercus_petraea
17745,Tilia_cordata
04957,Larix_decidua
09645,Pinus_contorta
16744,Crataegus_monogyna
12872,Picea_abies
06505,Quercus_petraea
11363,Pinus_radiata
09990,Populus_tremuloides
07163,Pinus_nigra
09458,Betula_pendula
19713,Betula_pendula
13743,Pseudotsuga_menziesii
09314,Picea_abies
09775,Pinus_contorta
10536,Pinus_resinosa
19435,Fagus_sylvatica
08361,Quercus_faginea
08098,Pinus_nigra
09659,Pinus_contorta
17520,Tilia_cordata
17958,Crataegus_monogyna
17412,Tilia_cordata
13510,Picea_glauca
19918,Betula_pendula
05747,Prunus_avium
11229,Fraxinus_excelsior
12236,Betula_pendula
17129,Acer_campestre
07430,Pinus_sylvestris
10956,Acer_pseudoplatanus
00793,Quercus_rubra
03709,Quercus_rubra
05594,Quercus_rubra
00823,Quercus_rubra
10888,Acer_pseudoplatanus
03754,Acer_pseudoplatanus
00748,Quercus_rubra
05694,Pinus_sylvestris
03437,Larix_decidua
15476,Acer_campestre
03171,Fagus_sylvatica
15452,Acer_campestre
10405,Pinus_resinosa
06406,Fagus_sylvatica
08116,Quercus_faginea
09074,Quercus_ilex
17786,Tilia_cordata
08700,Quercus_faginea
04950,Quercus_rubra
16748,Crataegus_monogyna
15449,Fraxinus_excelsior
06442,Quercus_petraea
09249,Picea_abies
10224,Acer_saccharum
07643,Quercus_faginea
12597,Pinus_sylvestris
10185,Acer_saccharum
15431,Acer_campestre
10654,Acer_pseudoplatanus
08269,Quercus_faginea
06498,Quercus_petraea
00373,Eucalyptus_miniata
10112,Populus_tremuloides
18930,Fagus_sylvatica
14006,Quercus_robur
07799,Quercus_faginea
04114,Fagus_sylvatica
09326,Picea_abies
10216,Fagus_sylvatica
00279,Eucalyptus_miniata
10183,Acer_saccharum
05976,Pseudotsuga_menziesii
13071,Crataegus_monogyna
04999,Larix_decidua
12387,Picea_abies
09787,Pinus_contorta
10494,Pinus_resinosa
03096,Fagus_sylvatica
17316,Carpinus_betulus
17906,Tilia_cordata
17772,Tilia_cordata
06986,Pinus_nigra
15348,Tilia_cordata
05598,Pinus_sylvestris
10820,Acer_pseudoplatanus
11339,Pinus_radiata
05776,Prunus_avium
18150,Picea_abies
00299,Eucalyptus_miniata
06224,Acer_pseudoplatanus
07298,Pinus_pinaster
13386,Pinus_contorta
05754,Fagus_sylvatica
09621,Pinus_contorta
18772,Fagus_sylvatica
04020,Carpinus_betulus
12177,Betula_pendula
15219,Fagus_sylvatica
09573,Pinus_contorta
03625,Pseudotsuga_menziesii
17245,Carpinus_betulus
17085,Euonymus_europaeus
09819,Pinus_contorta
03759,Quercus_petraea
00773,Quercus_rubra
13056,Crataegus_monogyna
11115,Corylus_avellana
13858,Abies_alba
03413,Picea_abies
19528,Carpinus_betulus
06121,Quercus_petraea
14816,Acer_campestre
16617,Carpinus_betulus
10348,Pinus_resinosa
03314,Larix_decidua
00381,Eucalyptus_miniata
16621,Carpinus_betulus
20187,Pinus_sylvestris
13068,Crataegus_monogyna
00277,Eucalyptus_miniata
15356,Acer_campestre
04892,Fagus_sylvatica
03217,Fagus_sylvatica
03740,Carpinus_betulus
19530,Picea_abies
06669,Pinus_nigra
11959,Betula_pendula
07499,Pinus_sylvestris
11409,Pinus_radiata
08086,Quercus_faginea
13859,Picea_abies
17182,Acer_campestre
06421,Quercus_petraea
05988,Pseudotsuga_menziesii
06533,Betula_pendula
07812,Quercus_faginea
18116,Ulmus_laevis
04954,Fagus_sylvatica
17652,Tilia_cordata
13180,Picea_abies
16840,Tilia_cordata
16972,Euonymus_europaeus
17631,Tilia_cordata
07128,Pinus_nigra
11354,Pinus_radiata
19313,Fagus_sylvatica
10202,Acer_saccharum
04026,Carpinus_betulus
08816,Quercus_ilex
03762,Fagus_sylvatica
17575,Acer_campestre
17742,Fagus_sylvatica
19427,Fagus_sylvatica
07223,Pinus_pinaster
17008,Acer_campestre
07404,Pinus_sylvestris
09854,Pinus_contorta
18049,Ulmus_laevis
05829,Pseudotsuga_menziesii
11210,Fraxinus_excelsior
00722,Quercus_robur
09811,Pinus_contorta
03738,Carpinus_betulus
03838,Fagus_sylvatica
14764,Acer_campestre
17469,Tilia_cordata
08967,Quercus_ilex
03805,Acer_pseudoplatanus
19859,Betula_pendula
07280,Pinus_sylvestris
10055,Populus_tremuloides
16644,Crataegus_monogyna
19630,Betula_pendula
07052,Pinus_nigra
11565,Betula_pendula
11124,Corylus_avellana
07421,Quercus_faginea
13501,Picea_glauca
08819,Quercus_ilex
11402,Pinus_radiata
10111,Populus_tremuloides
10648,Acer_pseudoplatanus
15514,Fraxinus_angustifolia
06429,Quercus_petraea
00091,Eucalyptus_miniata
00268,Eucalyptus_miniata
10309,Acer_saccharum
00780,Quercus_rubra
03817,Acer_pseudoplatanus
16925,Crataegus_monogyna
13127,Picea_abies
13134,Picea_abies
13654,Abies_alba
03892,Betula_pendula
08854,Quercus_ilex
03998,Quercus_petraea
00694,Pseudotsuga_menziesii
05981,Pinus_sylvestris
07262,Pinus_pinaster
13567,Picea_glauca
05803,Pseudotsuga_menziesii
06521,Fagus_sylvatica
06988,Pinus_nigra
09694,Pinus_contorta
11379,Pinus_radiata
17792,Tilia_cordata
10046,Populus_tremuloides
00845,Quercus_robur
17016,Euonymus_europaeus
00131,Eucalyptus_miniata
18048,Carpinus_betulus
11135,Corylus_avellana
14552,Acer_campestre
10150,Acer_saccharum
03692,Quercus_rubra
13185,Larix_decidua
06160,Quercus_petraea
03185,Fagus_sylvatica
12553,Pinus_sylvestris
06517,Quercus_rubra
06994,Pinus_nigra
16615,Carpinus_betulus
11117,Corylus_avellana
09734,Pinus_contorta
05814,Pseudotsuga_menziesii
00742,Quercus_rubra
11566,Picea_abies
18247,Fagus_sylvatica
20165,Pinus_sylvestris
03564,Picea_abies
07055,Pinus_nigra
03649,Pseudotsuga_menziesii
07736,Quercus_faginea
07154,Pinus_nigra
08570,Pinus_sylvestris
10611,Acer_pseudoplatanus
06682,Pinus_nigra
17484,Tilia_cordata
06787,Pinus_nigra
13424,Picea_glauca
12157,Betula_pendula
10580,Populus_tremuloides
13400,Picea_glauca
17102,Fagus_sylvatica
05995,Pseudotsuga_menziesii
13979,Tilia_cordata
11329,Pinus_radiata
08694,Quercus_faginea
03195,Fagus_sylvatica
09932,Populus_deltoides
13863,Pseudotsuga_menziesii
11200,Acer_pseudoplatanus
00786,Quercus_rubra
04754,Fagus_sylvatica
12640,Pinus_sylvestris
04788,Fagus_sylvatica
11241,Fraxinus_excelsior
16910,Carpinus_betulus
16606,Crataegus_monogyna
09948,Tilia_cordata
11061,Acer_pseudoplatanus
09981,Pinus_nigra
16767,Crataegus_monogyna
17340,Tilia_cordata
03278,Fagus_sylvatica
00308,Eucalyptus_miniata
06886,Pinus_nigra
08470,Quercus_faginea
06778,Pinus_nigra
19271,Fagus_sylvatica
03967,Carpinus_betulus
15423,Carpinus_betulus
15254,Acer_campestre
12217,Picea_abies
17424,Tilia_cordata
10054,Populus_tremuloides
16187,Carpinus_betulus
06913,Pinus_nigra
06380,Quercus_rubra
00192,Eucalyptus_miniata
05959,Pseudotsuga_menziesii
16604,Carpinus_betulus
08302,Quercus_faginea
08270,Quercus_faginea
10137,Populus_tremuloides
00202,Eucalyptus_miniata
07186,Pinus_nigra
13865,Pseudotsuga_menziesii
09557,Pinus_contorta
09584,Pinus_contorta
10345,Pinus_resinosa
11159,Corylus_avellana
00518,Picea_abies
17632,Tilia_cordata
00232,Eucalyptus_miniata
06365,Quercus_petraea
03146,Fagus_sylvatica
12729,Pinus_sylvestris
13956,Quercus_robur
13454,Picea_glauca
17089,Tilia_cordata
06966,Pinus_nigra
13312,Pinus_sylvestris
05819,Larix_decidua
10262,Acer_saccharum
17019,Euonymus_europaeus
17628,Carpinus_betulus
15430,Acer_campestre
17177,Euonymus_europaeus
10723,Acer_pseudoplatanus
09975,Fagus_sylvatica
05765,Fagus_sylvatica
07225,Pinus_pinaster
05744,Fagus_sylvatica
20007,Pinus_sylvestris
03037,Fagus_sylvatica
10247,Acer_saccharum
10817,Acer_pseudoplatanus
10520,Pinus_resinosa
03296,Larix_decidua
17983,Carpinus_betulus
07300,Pinus_nigra
03576,Pinus_sylvestris
08190,Quercus_faginea
05975,Pseudotsuga_menziesii
11290,Pinus_radiata
14554,Acer_campestre
12021,Pinus_sylvestris
16396,Acer_campestre
09529,Pinus_contorta
06219,Quercus_petraea
10427,Pinus_resinosa
06863,Pinus_nigra
13225,Picea_abies
20220,Pinus_sylvestris
00736,Quercus_rubra
07304,Betula_pendula
12888,Picea_abies
03681,Quercus_petraea
16962,Euonymus_europaeus
05801,Pseudotsuga_menziesii
17680,Tilia_cordata
17225,Fraxinus_angustifolia
07310,Pinus_sylvestris
10279,Acer_saccharum
07283,Pinus_pinaster
10245,Acer_saccharum
10485,Pinus_resinosa
07818,Quercus_faginea
17333,Fagus_sylvatica
06764,Pinus_nigra
17267,Ulmus_laevis
10973,Fraxinus_excelsior
10037,Populus_tremuloides
16856,Crataegus_monogyna
10293,Acer_saccharum
09898,Pinus_contorta
17783,Tilia_cordata
06451,Quercus_petraea
19306,Fagus_sylvatica
05591,Fagus_sylvatica
13972,Quercus_robur
19715,Betula_pendula
10601,Acer_pseudoplatanus
07192,Pinus_nigra
13601,Picea_glauca
03808,Acer_pseudoplatanus
15414,Acer_campestre
12460,Picea_abies
18040,Carpinus_betulus
07837,Quercus_faginea
04095,Fagus_sylvatica
04010,Carpinus_betulus
03857,Carpinus_betulus
11382,Pinus_radiata
12172,Betula_pendula
12828,Quercus_petraea
08008,Quercus_faginea
16679,Acer_campestre
05125,Picea_abies
11491,Picea_abies
00354,Eucalyptus_miniata
17999,Carpinus_betulus
11837,Picea_abies
16582,Carpinus_betulus
06796,Pinus_nigra
18027,Tilia_cordata
16890,Crataegus_monogyna
16564,Fagus_sylvatica
16911,Tilia_cordata
18143,Ulmus_laevis
05007,Larix_decidua
10215,Acer_saccharum
07302,Pinus_pinaster
10069,Populus_tremuloides
00358,Eucalyptus_miniata
09060,Quercus_ilex
11700,Picea_abies
06487,Quercus_petraea
03713,Quercus_rubra
11485,Picea_abies
11345,Pinus_radiata
11207,Fraxinus_excelsior
07704,Quercus_faginea
10301,Acer_saccharum
13072,Populus_tremuloides
13918,Quercus_robur
09976,Populus_deltoides
04301,Fagus_sylvatica
18014,Carpinus_betulus
04594,Fagus_sylvatica
19895,Betula_pendula
10027,Populus_tremuloides
03913,Fagus_sylvatica
17134,Acer_campestre
03461,Acer_pseudoplatanus
08103,Quercus_ilex
05782,Prunus_avium
16423,Carpinus_betulus
12309,Picea_abies
00229,Eucalyptus_miniata
17342,Tilia_cordata
02449,Pinus_sylvestris
07075,Pinus_nigra
16882,Crataegus_monogyna
09578,Pinus_contorta
17608,Tilia_cordata
06577,Quercus_rubra
09660,Pinus_contorta
06222,Carpinus_betulus
00154,Eucalyptus_miniata
13606,Picea_glauca
17613,Acer_campestre
09813,Pinus_contorta
09027,Quercus_ilex
06482,Quercus_petraea
00577,Pseudotsuga_menziesii
18836,Carpinus_betulus
03592,Pinus_sylvestris
00851,Quercus_robur
05990,Pseudotsuga_menziesii
09014,Quercus_ilex
06295,Quercus_petraea
13098,Pseudotsuga_menziesii
10878,Acer_pseudoplatanus
06405,Quercus_rubra
03797,Acer_pseudoplatanus
07265,Pinus_pinaster
01492,Pinus_sylvestris
08716,Quercus_ilex
06218,Fagus_sylvatica
13314,Abies_alba
16815,Crataegus_monogyna
14002,Quercus_robur
16769,Crataegus_monogyna
05931,Pseudotsuga_menziesii
11398,Pinus_radiata
17035,Euonymus_europaeus
02104,Pinus_sylvestris
09581,Pinus_contorta
13627,Abies_alba
00744,Quercus_rubra
08891,Quercus_faginea
11513,Betula_pendula
18074,Quercus_robur
09894,Pinus_contorta
16880,Crataegus_monogyna
06286,Quercus_petraea
16656,Carpinus_betulus
08861,Quercus_faginea
07125,Pinus_nigra
00778,Quercus_rubra
00374,Eucalyptus_miniata
00179,Eucalyptus_miniata
10019,Populus_tremuloides
16812,Euonymus_europaeus
17818,Acer_campestre
10276,Acer_saccharum
15529,Carpinus_betulus
16727,Acer_campestre
10463,Pinus_resinosa
07960,Quercus_faginea
09234,Picea_abies
16672,Acer_campestre
07170,Pinus_nigra
03939,Fagus_sylvatica
09815,Pinus_contorta
06680,Pinus_nigra
13384,Eucalyptus_miniata
20188,Pinus_sylvestris
16989,Crataegus_monogyna
13144,Picea_abies
04978,Larix_decidua
16938,Euonymus_europaeus
07752,Betula_pendula
07107,Pinus_nigra
13529,Picea_glauca
05003,Larix_decidua
17234,Fraxinus_angustifolia
06310,Acer_pseudoplatanus
08798,Quercus_ilex
16477,Carpinus_betulus
12031,Crataegus_monogyna
15472,Acer_pseudoplatanus
08948,Quercus_ilex
17778,Tilia_cordata
03919,Fagus_sylvatica
06489,Quercus_petraea
12702,Betula_pendula
18530,Fagus_sylvatica
06040,Pseudotsuga_menziesii
09782,Pinus_contorta
13406,Picea_glauca
10071,Populus_tremuloides
16874,Crataegus_monogyna
10261,Acer_saccharum
11534,Picea_abies
09549,Pinus_contorta
13589,Picea_glauca
07444,Pinus_sylvestris
11600,Picea_abies
18102,Acer_pseudoplatanus
11457,Quercus_petraea
10706,Acer_pseudoplatanus
05993,Pseudotsuga_menziesii
10414,Pinus_resinosa
13417,Picea_glauca
08082,Quercus_faginea
13449,Picea_glauca
09692,Pinus_contorta
03056,Fagus_sylvatica
04798,Fraxinus_excelsior
15496,Acer_campestre
09973,Populus_deltoides
10785,Acer_pseudoplatanus
04866,Fagus_sylvatica
00795,Quercus_rubra
10444,Betula_pendula
08577,Quercus_faginea
13889,Pseudotsuga_menziesii
08593,Quercus_faginea
03289,Larix_decidua
15498,Ulmus_laevis
10237,Acer_saccharum
13382,Acer_pseudoplatanus
10509,Pinus_resinosa
06511,Fagus_sylvatica
06860,Pinus_nigra
00396,Eucalyptus_miniata
00812,Quercus_rubra
11275,Quercus_robur
09090,Quercus_ilex
09565,Pinus_contorta
13101,Pseudotsuga_menziesii
17509,Carpinus_betulus
11992,Betula_pendula
06851,Pinus_nigra
03469,Quercus_rubra
10117,Populus_tremuloides
05757,Prunus_avium
06950,Pinus_nigra
09887,Pinus_contorta
03769,Betula_pendula
06317,Quercus_petraea
14344,Acer_campestre
03308,Larix_decidua
03192,Fagus_sylvatica
03170,Fagus_sylvatica
10360,Pinus_resinosa
09911,Fagus_sylvatica
00822,Quercus_rubra
13477,Picea_glauca
16951,Euonymus_europaeus
07024,Pinus_nigra
12184,Pinus_sylvestris
08851,Quercus_ilex
07410,Pinus_nigra
17512,Tilia_cordata
20124,Pinus_sylvestris
07808,Quercus_faginea
08885,Quercus_ilex
11150,Corylus_avellana
16971,Crataegus_monogyna
06086,Pseudotsuga_menziesii
17145,Fraxinus_angustifolia
13066,Crataegus_monogyna
11361,Pinus_radiata
13444,Picea_glauca
17168,Fraxinus_angustifolia
10229,Acer_saccharum
09798,Pinus_contorta
11974,Betula_pendula
16328,Acer_campestre
16990,Carpinus_betulus
06654,Pinus_nigra
08789,Quercus_faginea
06802,Pinus_nigra
05791,Quercus_petraea
15488,Ulmus_laevis
09915,Populus_deltoides
13370,Abies_alba
17891,Carpinus_betulus
10914,Acer_pseudoplatanus
15217,Fagus_sylvatica
00138,Eucalyptus_miniata
07111,Pinus_nigra
11214,Fraxinus_excelsior
13167,Betula_pendula
10270,Acer_saccharum
07723,Quercus_faginea
16144,Acer_campestre
06819,Pinus_nigra
05589,Pseudotsuga_menziesii
11990,Betula_pendula
18618,Fagus_sylvatica
03804,Pinus_sylvestris
13614,Picea_glauca
19196,Fagus_sylvatica
09722,Pinus_contorta
12840,Picea_abies
06756,Pinus_nigra
08814,Quercus_ilex
13920,Quercus_robur
07034,Pinus_nigra
16873,Crataegus_monogyna
10257,Acer_saccharum
16146,Carpinus_betulus
10946,Acer_pseudoplatanus
04040,Fagus_sylvatica
19092,Fagus_sylvatica
10266,Acer_saccharum
17049,Acer_campestre
11905,Pinus_sylvestris
04391,Fagus_sylvatica
12354,Picea_abies
03231,Fagus_sylvatica
17238,Fraxinus_angustifolia
16770,Crataegus_monogyna
08586,Quercus_faginea
09967,Populus_deltoides
13568,Picea_glauca
11026,Acer_pseudoplatanus
09980,Carpinus_betulus
16857,Acer_campestre
08322,Quercus_faginea
16752,Ulmus_laevis
10173,Populus_tremuloides
09906,Populus_deltoides
16915,Crataegus_monogyna
07220,Pinus_sylvestris
03710,Quercus_rubra
10192,Fagus_sylvatica
05010,Larix_decidua
03789,Quercus_rubra
11279,Acer_pseudoplatanus
13350,Abies_alba
03370,Picea_abies
13373,Abies_alba
06864,Pinus_nigra
06388,Fagus_sylvatica
09205,Betula_pendula
13395,Larix_decidua
13369,Abies_alba
00385,Eucalyptus_miniata
17270,Carpinus_betulus
11260,Quercus_robur
16988,Euonymus_europaeus
14756,Crataegus_monogyna
06329,Quercus_petraea
10394,Pinus_resinosa
09897,Pinus_contorta
13874,Pseudotsuga_menziesii
09926,Populus_deltoides
14671,Acer_campestre
16461,Ulmus_laevis
18156,Picea_abies
11718,Picea_abies
13032,Pinus_sylvestris
11270,Quercus_robur
07781,Quercus_faginea
05974,Pseudotsuga_menziesii
00833,Tilia_cordata
00205,Eucalyptus_miniata
19388,Fagus_sylvatica
03787,Acer_pseudoplatanus
00791,Quercus_rubra
00077,Eucalyptus_miniata
13484,Picea_glauca
03253,Fagus_sylvatica
17173,Fraxinus_angustifolia
10831,Acer_pseudoplatanus
17190,Fraxinus_angustifolia
15365,Acer_campestre
03208,Fagus_sylvatica
00771,Quercus_rubra
00541,Picea_abies
03780,Fagus_sylvatica
01266,Pinus_sylvestris
17857,Ulmus_laevis
13663,Abies_alba
06941,Quercus_ilex
08495,Quercus_faginea
10269,Acer_saccharum
11123,Corylus_avellana
11460,Pinus_radiata
03166,Fagus_sylvatica
03961,Carpinus_betulus
00334,Acer_campestre
06694,Pinus_nigra
13632,Abies_alba
06990,Pinus_nigra
16640,Crataegus_monogyna
12546,Pinus_sylvestris
16686,Acer_campestre
13580,Picea_glauca
11112,Corylus_avellana
04986,Larix_decidua
10377,Pinus_resinosa
11759,Picea_abies
13115,Pseudotsuga_menziesii
17063,Euonymus_europaeus
17621,Tilia_cordata
07641,Quercus_faginea
07029,Pinus_nigra
10898,Acer_pseudoplatanus
10172,Acer_saccharum
09935,Populus_deltoides
13305,Picea_abies
16835,Acer_campestre
06733,Pinus_nigra
12420,Picea_abies
05480,Picea_abies
19093,Fagus_sylvatica
06565,Quercus_rubra
07453,Pinus_sylvestris
04184,Fagus_sylvatica
12135,Betula_pendula
09711,Pinus_contorta
09993,Populus_tremuloides
12667,Pinus_sylvestris
05246,Picea_abies
08613,Quercus_faginea
03145,Fagus_sylvatica
17281,Acer_campestre
11335,Pinus_radiata
06244,Quercus_petraea
04532,Fagus_sylvatica
10243,Acer_saccharum
06411,Quercus_petraea
17804,Carpinus_betulus
04987,Larix_decidua
07127,Quercus_faginea
10439,Pinus_resinosa
07925,Quercus_faginea
07167,Pinus_nigra
05886,Pseudotsuga_menziesii
08864,Quercus_ilex
03806,Acer_pseudoplatanus
09000,Quercus_ilex
07651,Quercus_faginea
08996,Quercus_ilex
03494,Acer_saccharum
17013,Euonymus_europaeus
19557,Picea_abies
17114,Acer_campestre
06118,Quercus_petraea
01711,Pinus_sylvestris
07688,Quercus_faginea
16961,Crataegus_monogyna
03299,Larix_decidua
12338,Picea_abies
05992,Pseudotsuga_menziesii
13775,Pseudotsuga_menziesii
15300,Acer_campestre
03156,Fagus_sylvatica
13474,Picea_glauca
12760,Pinus_sylvestris
07744,Quercus_faginea
17740,Fagus_sylvatica
00789,Quercus_rubra
07090,Pinus_nigra
06375,Quercus_petraea
17208,Fraxinus_angustifolia
16936,Crataegus_monogyna
12619,Pinus_sylvestris
06526,Quercus_rubra
16916,Crataegus_monogyna
03050,Fagus_sylvatica
00721,Quercus_robur
11852,Picea_abies
00164,Eucalyptus_miniata
04899,Fagus_sylvatica
07816,Quercus_faginea
07294,Pinus_pinaster
06588,Quercus_rubra
03784,Fagus_sylvatica
09724,Pinus_contorta
16626,Euonymus_europaeus
08305,Quercus_faginea
16646,Crataegus_monogyna
00881,Quercus_robur
08889,Quercus_faginea
18155,Picea_abies
03228,Fagus_sylvatica
00746,Quercus_rubra
10991,Acer_pseudoplatanus
10369,Pinus_resinosa
17037,Fraxinus_excelsior
17174,Acer_campestre
00963,Fagus_sylvatica
06491,Quercus_petraea
11103,Corylus_avellana
07087,Pinus_nigra
06265,Quercus_petraea
00194,Eucalyptus_miniata
17078,Acer_campestre
00754,Quercus_rubra
08425,Quercus_faginea
13322,Abies_alba
18000,Ulmus_laevis
17265,Acer_campestre
03758,Acer_pseudoplatanus
08771,Quercus_ilex
13622,Picea_glauca
13179,Larix_decidua
15408,Acer_campestre
04655,Fagus_sylvatica
11458,Betula_pendula
07794,Quercus_faginea
16913,Crataegus_monogyna
12635,Pinus_sylvestris
10070,Populus_tremuloides
07230,Pinus_pinaster
13325,Betula_pendula
00216,Eucalyptus_miniata
16895,Crataegus_monogyna
06502,Quercus_petraea
09755,Pinus_contorta
19728,Acer_campestre
12670,Pinus_sylvestris
13434,Picea_glauca
13421,Picea_glauca
06995,Pinus_nigra
12797,Betula_pendula
19839,Betula_pendula
07887,Quercus_faginea
00255,Eucalyptus_miniata
12505,Picea_abies
11987,Betula_pendula
12406,Picea_abies
11999,Betula_pendula
09805,Pinus_contorta
18646,Fagus_sylvatica
11153,Corylus_avellana
13506,Picea_glauca
17092,Acer_campestre
17073,Acer_campestre
18138,Carpinus_betulus
16709,Crataegus_monogyna
06520,Quercus_petraea
13523,Picea_glauca
12884,Pinus_sylvestris
06248,Fraxinus_excelsior
12519,Pinus_sylvestris
11943,Pinus_sylvestris
10861,Acer_pseudoplatanus
04049,Fagus_sylvatica
03292,Pinus_sylvestris
18137,Carpinus_betulus
09959,Populus_deltoides
03925,Fagus_sylvatica
13186,Quercus_rubra
07040,Pinus_nigra
16884,Carpinus_betulus
11947,Pinus_sylvestris
17573,Tilia_cordata
16575,Tilia_cordata
00204,Eucalyptus_miniata
07371,Pinus_nigra
10543,Pinus_resinosa
03086,Fagus_sylvatica
00608,Pseudotsuga_menziesii
07268,Pinus_pinaster
05237,Carpinus_betulus
05703,Pinus_sylvestris
00120,Eucalyptus_miniata
18039,Ulmus_laevis
04971,Larix_decidua
10107,Populus_tremuloides
03708,Acer_saccharum
07256,Pinus_pinaster
16934,Crataegus_monogyna
09554,Pinus_contorta
04985,Larix_decidua
09028,Pinus_nigra
10397,Pinus_resinosa
11429,Betula_pendula
04219,Carpinus_betulus
20163,Betula_pendula
17000,Euonymus_europaeus
10498,Pinus_resinosa
06615,Quercus_rubra
00962,Fraxinus_excelsior
14412,Acer_campestre
18105,Acer_campestre
13118,Pinus_sylvestris
10396,Pinus_resinosa
11157,Corylus_avellana
08900,Quercus_ilex
13075,Crataegus_monogyna
11971,Betula_pendula
15392,Fagus_sylvatica
03039,Fagus_sylvatica
16788,Crataegus_monogyna
03633,Pseudotsuga_menziesii
10338,Pinus_resinosa
04621,Fagus_sylvatica
15436,Carpinus_betulus
13334,Abies_alba
12792,Acer_campestre
00821,Quercus_rubra
16924,Crataegus_monogyna
10153,Acer_saccharum
00843,Quercus_robur
16363,Fagus_sylvatica
07122,Pinus_nigra
00096,Eucalyptus_miniata
15297,Acer_campestre
16327,Carpinus_betulus
03774,Acer_pseudoplatanus
17067,Euonymus_europaeus
00089,Eucalyptus_miniata
03786,Acer_saccharum
03572,Pinus_sylvestris
07204,Pinus_sylvestris
00800,Quercus_rubra
12800,Betula_pendula
07468,Betula_pendula
00804,Quercus_rubra
10521,Pinus_resinosa
17289,Acer_campestre
17138,Fraxinus_angustifolia
06486,Quercus_petraea
10272,Acer_saccharum
15942,Carpinus_betulus
09870,Pinus_contorta
08550,Quercus_faginea
06924,Pinus_nigra
10703,Acer_pseudoplatanus
09727,Pinus_contorta
11317,Pinus_radiata
06965,Pinus_nigra
03727,Abies_alba
18502,Fagus_sylvatica
11972,Betula_pendula
07684,Quercus_ilex
08432,Quercus_faginea
09835,Pinus_contorta
07191,Pinus_nigra
07934,Quercus_faginea
03846,Carpinus_betulus
07379,Pinus_sylvestris
09703,Pinus_contorta
10475,Pinus_resinosa
10331,Pinus_resinosa
15897,Carpinus_betulus
10007,Populus_tremuloides
11187,Fraxinus_excelsior
00148,Eucalyptus_miniata
00416,Picea_abies
09496,Pinus_contorta
03152,Fagus_sylvatica
10214,Acer_saccharum
03659,Quercus_petraea
03339,Picea_abies
11473,Picea_abies
04982,Larix_decidua
17046,Acer_campestre
05664,Pinus_sylvestris
11139,Corylus_avellana
03256,Fagus_sylvatica
11211,Acer_pseudoplatanus
07875,Quercus_faginea
12082,Betula_pendula
09587,Populus_tremuloides
13896,Quercus_robur
17277,Acer_campestre
16820,Crataegus_monogyna
07403,Pinus_nigra
15371,Acer_campestre
10284,Pinus_resinosa
17629,Tilia_cordata
07632,Quercus_faginea
19120,Fagus_sylvatica
17258,Fagus_sylvatica
19436,Fagus_sylvatica
09044,Quercus_ilex
04845,Fagus_sylvatica
08130,Quercus_faginea
03455,Picea_abies
18723,Fagus_sylvatica
12791,Betula_pendula
13117,Pseudotsuga_menziesii
16086,Carpinus_betulus
17050,Acer_campestre
14931,Carpinus_betulus
03818,Pinus_sylvestris
08985,Quercus_ilex
07992,Quercus_faginea
00075,Eucalyptus_miniata
06497,Quercus_petraea
03182,Fagus_sylvatica
11004,Acer_pseudoplatanus
08919,Quercus_faginea
07323,Pinus_pinaster
17339,Carpinus_betulus
00725,Quercus_robur
00763,Quercus_rubra
18130,Tilia_cordata
08944,Quercus_ilex
03516,Abies_alba
09579,Pinus_contorta
13159,Eucalyptus_miniata
00724,Quercus_robur
09875,Pinus_contorta
09503,Pinus_contorta
07235,Pinus_pinaster
16743,Crataegus_monogyna
03716,Picea_abies
03911,Carpinus_betulus
07286,Pinus_pinaster
16732,Crataegus_monogyna
03969,Carpinus_betulus
07086,Pinus_nigra
03698,Quercus_rubra
06691,Pinus_nigra
10327,Pinus_resinosa
10158,Acer_saccharum
03995,Acer_pseudoplatanus
17317,Carpinus_betulus
10018,Populus_tremuloides
03546,Picea_abies
04980,Larix_decidua
04937,Quercus_petraea
07140,Pinus_nigra
15502,Acer_campestre
07466,Pinus_sylvestris
07974,Quercus_faginea
18023,Ulmus_laevis
07252,Pinus_pinaster
06474,Quercus_rubra
09633,Pinus_contorta
17298,Acer_campestre
09600,Pinus_contorta
10204,Acer_saccharum
09143,Betula_pendula
17022,Euonymus_europaeus
19293,Fagus_sylvatica
01418,Pinus_sylvestris
09086,Quercus_ilex
16740,Crataegus_monogyna
10141,Populus_tremuloides
13709,Pseudotsuga_menziesii
13655,Abies_alba
10219,Acer_saccharum
19521,Betula_pendula
10115,Populus_tremuloides
00802,Quercus_rubra
12094,Betula_pendula
17933,Ulmus_laevis
09481,Pinus_sylvestris
13487,Picea_glauca
04125,Quercus_petraea
11321,Pinus_radiata
07284,Pinus_pinaster
03739,Fagus_sylvatica
07089,Pinus_nigra
19465,Fagus_sylvatica
04050,Fagus_sylvatica
10410,Pinus_resinosa
14750,Acer_campestre
10438,Pinus_resinosa
17506,Tilia_cordata
08417,Quercus_faginea
11967,Betula_pendula
11137,Corylus_avellana
10780,Acer_pseudoplatanus
16807,Crataegus_monogyna
06542,Quercus_rubra
11044,Fraxinus_excelsior
10432,Pinus_resinosa
16981,Euonymus_europaeus
05777,Quercus_petraea
10491,Pinus_resinosa
11976,Betula_pendula
13562,Picea_glauca
03095,Fagus_sylvatica
06273,Quercus_petraea
03460,Abies_alba
03020,Picea_abies
07675,Quercus_faginea
19915,Betula_pendula
17981,Ulmus_laevis
05821,Pinus_sylvestris
16711,Crataegus_monogyna
12487,Picea_abies
05590,Fagus_sylvatica
00596,Pseudotsuga_menziesii
06477,Quercus_petraea
15501,Acer_campestre
12503,Picea_abies
00628,Pseudotsuga_menziesii
00765,Quercus_rubra
12065,Betula_pendula
00968,Tilia_cordata
00230,Eucalyptus_miniata
17157,Fraxinus_angustifolia
13600,Picea_glauca
13152,Betula_pendula
16030,Carpinus_betulus
16654,Crataegus_monogyna
00251,Eucalyptus_miniata
03850,Carpinus_betulus
18119,Ulmus_laevis
03744,Acer_pseudoplatanus
03290,Larix_decidua
09003,Quercus_ilex
03497,Fagus_sylvatica
17987,Carpinus_betulus
11392,Carpinus_betulus
13550,Picea_glauca
03777,Fagus_sylvatica
13895,Quercus_robur
16881,Crataegus_monogyna
19220,Fagus_sylvatica
15563,Carpinus_betulus
10502,Pinus_resinosa
08917,Quercus_ilex
00347,Eucalyptus_miniata
11269,Quercus_robur
16741,Crataegus_monogyna
13569,Picea_glauca
16809,Acer_campestre
00817,Quercus_rubra
00360,Eucalyptus_miniata
09189,Betula_pendula
06726,Pinus_nigra
15399,Acer_campestre
16706,Fagus_sylvatica
09928,Populus_deltoides
00581,Pseudotsuga_menziesii
16676,Crataegus_monogyna
06535,Quercus_rubra
10459,Pinus_resinosa
10319,Pinus_resinosa
12470,Pinus_sylvestris
06129,Quercus_petraea
06119,Quercus_petraea
09704,Pinus_contorta
03074,Fagus_sylvatica
03019,Picea_abies
16796,Carpinus_betulus
09511,Pinus_contorta
07836,Quercus_faginea
00755,Quercus_rubra
06975,Quercus_ilex
19036,Fagus_sylvatica
13537,Picea_glauca
16670,Crataegus_monogyna
09699,Pinus_contorta
04695,Quercus_petraea
14253,Fagus_sylvatica
09091,Pinus_nigra
07183,Pinus_nigra
09255,Picea_abies
13062,Crataegus_monogyna
06374,Quercus_petraea
12506,Picea_abies
10248,Acer_saccharum
13544,Picea_glauca
09070,Quercus_ilex
09709,Pinus_contorta
05445,Picea_abies
10273,Acer_saccharum
03688,Quercus_robur
10519,Pinus_resinosa
13102,Pseudotsuga_menziesii
12351,Picea_abies
06842,Pinus_nigra
17228,Fraxinus_angustifolia
10053,Populus_tremuloides
00228,Eucalyptus_miniata
12014,Betula_pendula
16565,Carpinus_betulus
13617,Picea_glauca
03060,Fagus_sylvatica
13649,Abies_alba
05945,Pseudotsuga_menziesii
00826,Quercus_rubra
13922,Quercus_robur
16849,Acer_campestre
18707,Carpinus_betulus
00187,Eucalyptus_miniata
10236,Acer_saccharum
10304,Acer_saccharum
00359,Eucalyptus_miniata
00316,Eucalyptus_miniata
08731,Quercus_faginea
11591,Picea_abies
19046,Fagus_sylvatica
04009,Fagus_sylvatica
16710,Euonymus_europaeus
06973,Pinus_nigra
03121,Fagus_sylvatica
11000,Acer_pseudoplatanus
00479,Picea_abies
16643,Crataegus_monogyna
07769,Quercus_faginea
07809,Quercus_faginea
17254,Acer_campestre
06387,Quercus_rubra
10005,Populus_tremuloides
17337,Tilia_cordata
15378,Fraxinus_angustifolia
16878,Crataegus_monogyna
11746,Picea_abies
17619,Tilia_cordata
09513,Pinus_contorta
11231,Fraxinus_excelsior
07177,Pinus_nigra
05383,Picea_abies
06581,Quercus_rubra
16020,Carpinus_betulus
07682,Quercus_faginea
10522,Pinus_resinosa
06642,Pinus_nigra
16554,Carpinus_betulus
03475,Betula_pendula
06910,Pinus_nigra
03033,Fagus_sylvatica
11323,Pinus_radiata
11853,Picea_abies
07540,Pinus_sylvestris
10490,Pinus_resinosa
08215,Quercus_faginea
08857,Quercus_faginea
13191,Larix_decidua
15363,Acer_campestre
03164,Fagus_sylvatica
06996,Pinus_nigra
11297,Pinus_radiata
17307,Carpinus_betulus
13403,Picea_glauca
07707,Quercus_faginea
17976,Carpinus_betulus
05879,Pseudotsuga_menziesii
17072,Acer_campestre
20164,Pinus_sylvestris
12587,Pinus_sylvestris
05276,Picea_abies
10163,Acer_saccharum
13495,Picea_glauca
01514,Pinus_sylvestris
17358,Tilia_cordata
19373,Fagus_sylvatica
15693,Acer_campestre
15086,Acer_campestre
12732,Pinus_sylvestris
10106,Populus_tremuloides
16764,Crataegus_monogyna
06914,Pinus_nigra
04637,Fagus_sylvatica
08916,Quercus_ilex
16993,Carpinus_betulus
06538,Carpinus_betulus
09663,Pinus_contorta
10038,Populus_tremuloides
17671,Acer_campestre
13213,Picea_abies
08939,Quercus_faginea
11278,Quercus_robur
18141,Fraxinus_angustifolia
11411,Pinus_radiata
03863,Carpinus_betulus
08491,Quercus_faginea
09732,Pinus_contorta
10337,Pinus_resinosa
13644,Abies_alba
03860,Fagus_sylvatica
00966,Fagus_sylvatica
06464,Quercus_petraea
13097,Pseudotsuga_menziesii
05752,Prunus_avium
06336,Quercus_petraea
13596,Picea_glauca
06067,Fagus_sylvatica
13473,Picea_glauca
09551,Pinus_contorta
06768,Pinus_nigra
10108,Populus_tremuloides
09667,Pinus_contorta
03183,Fagus_sylvatica
09893,Pinus_contorta
11669,Picea_abies
13571,Picea_glauca
18081,Acer_campestre
17119,Fraxinus_excelsior
06006,Pseudotsuga_menziesii
09736,Pinus_contorta
09900,Pinus_contorta
03268,Fagus_sylvatica
03712,Quercus_petraea
07202,Pinus_nigra
16816,Crataegus_monogyna
03972,Fagus_sylvatica
10324,Pinus_resinosa
01367,Pinus_sylvestris
12058,Fagus_sylvatica
09925,Populus_deltoides
13656,Abies_alba
18098,Crataegus_monogyna
17186,Acer_campestre
03490,Carpinus_betulus
15503,Fraxinus_angustifolia
11051,Acer_pseudoplatanus
12947,Pinus_sylvestris
13166,Betula_pendula
04339,Fagus_sylvatica
03924,Acer_pseudoplatanus
04036,Fagus_sylvatica
07123,Pinus_nigra
19921,Betula_pendula
07084,Pinus_nigra
12929,Pseudotsuga_menziesii
04148,Fagus_sylvatica
00188,Eucalyptus_miniata
06761,Pinus_nigra
03819,Acer_pseudoplatanus
09560,Pinus_contorta
03717,Abies_alba
13348,Picea_abies
07969,Quercus_faginea
16442,Carpinus_betulus
00727,Quercus_robur
07253,Pinus_pinaster
10267,Acer_saccharum
16358,Carpinus_betulus
13990,Quercus_robur
07839,Quercus_faginea
11993,Betula_pendula
05641,Larix_decidua
10253,Acer_saccharum
03813,Acer_pseudoplatanus
12081,Pinus_radiata
15468,Acer_campestre
09801,Pinus_contorta
17773,Tilia_cordata
11373,Pinus_radiata
13869,Pseudotsuga_menziesii
08804,Quercus_faginea
16848,Carpinus_betulus
11649,Picea_abies
13096,Picea_abies
18065,Tilia_cordata
06246,Quercus_petraea
06892,Pinus_nigra
07465,Pinus_sylvestris
11998,Betula_pendula
10677,Acer_pseudoplatanus
11327,Pinus_radiata
16829,Crataegus_monogyna
00932,Fagus_sylvatica
06407,Larix_decidua
06452,Carpinus_betulus
13604,Picea_glauca
16576,Fagus_sylvatica
12146,Betula_pendula
00711,Quercus_rubra
03766,Acer_pseudoplatanus
06823,Pinus_nigra
03765,Fagus_sylvatica
03781,Quercus_petraea
17074,Ulmus_laevis
11627,Picea_abies
16704,Crataegus_monogyna
12499,Picea_abies
11146,Corylus_avellana
10101,Populus_tremuloides
00239,Eucalyptus_miniata
03734,Carpinus_betulus
03656,Quercus_robur
00831,Quercus_rubra
03770,Betula_pendula
04120,Carpinus_betulus
09562,Pinus_contorta
13479,Picea_glauca
07160,Pinus_nigra
02101,Pinus_sylvestris
00595,Pseudotsuga_menziesii
08671,Quercus_faginea
06466,Quercus_petraea
03117,Fagus_sylvatica
13648,Abies_alba
04585,Fagus_sylvatica
13579,Picea_glauca
17907,Ulmus_laevis
03360,Picea_abies
13456,Picea_glauca
18033,Tilia_cordata
13959,Quercus_robur
06509,Quercus_petraea
00208,Eucalyptus_miniata
03733,Abies_alba
13429,Picea_glauca
07500,Quercus_faginea
17965,Carpinus_betulus
10507,Pinus_resinosa
09620,Pinus_contorta
11302,Fagus_sylvatica
13536,Picea_glauca
00797,Quercus_rubra
18021,Ulmus_laevis
07243,Pinus_pinaster
09793,Pinus_contorta
16825,Crataegus_monogyna
18058,Crataegus_monogyna
12327,Picea_abies
08800,Quercus_ilex
05937,Pinus_sylvestris
00149,Eucalyptus_miniata
19517,Fagus_sylvatica
11176,Acer_pseudoplatanus
09011,Pinus_nigra
16594,Fagus_sylvatica
06608,Quercus_rubra
04973,Larix_decidua
06266,Picea_abies
06645,Pinus_nigra
15473,Acer_campestre
04031,Quercus_petraea
13414,Picea_glauca
13070,Crataegus_monogyna
14941,Acer_campestre
11408,Pinus_radiata
03820,Acer_pseudoplatanus
01002,Pinus_sylvestris
06677,Pinus_nigra
09816,Betula_pendula
09862,Pinus_contorta
16814,Acer_campestre
08508,Quercus_faginea
13366,Abies_alba
08799,Quercus_ilex
17064,Ulmus_laevis
12182,Betula_pendula
01027,Pseudotsuga_menziesii
11341,Pinus_radiata
01968,Pinus_sylvestris
08372,Quercus_faginea
17207,Fraxinus_angustifolia
09877,Pinus_contorta
17140,Fagus_sylvatica
16590,Carpinus_betulus
08653,Quercus_faginea
03101,Fagus_sylvatica
00087,Eucalyptus_miniata
07272,Pinus_pinaster
10497,Pinus_resinosa
04590,Acer_pseudoplatanus
16599,Carpinus_betulus
17296,Quercus_robur
09624,Pinus_contorta
10048,Populus_tremuloides
08737,Betula_pendula
05447,Picea_abies
11873,Picea_abies
11131,Corylus_avellana
09951,Populus_deltoides
03669,Quercus_petraea
10118,Populus_tremuloides
09360,Picea_abies
00830,Quercus_rubra
10725,Acer_pseudoplatanus
12333,Picea_abies
09495,Pinus_contorta
17127,Carpinus_betulus
16858,Crataegus_monogyna
09610,Pinus_contorta
14704,Carpinus_betulus
05054,Picea_abies
17224,Fraxinus_excelsior
05481,Picea_abies
17242,Acer_campestre
10403,Pinus_resinosa
00949,Fagus_sylvatica
09743,Pinus_contorta
12687,Pinus_sylvestris
09617,Pinus_contorta
07631,Quercus_faginea
16585,Carpinus_betulus
13058,Crataegus_monogyna
11359,Pinus_radiata
09182,Betula_pendula
06488,Quercus_petraea
17033,Euonymus_europaeus
05627,Pinus_sylvestris
07276,Pinus_pinaster
09706,Pinus_contorta
06254,Larix_decidua
17023,Carpinus_betulus
09828,Pinus_contorta
09946,Populus_deltoides
08496,Quercus_faginea
06170,Quercus_petraea
17927,Carpinus_betulus
05868,Pseudotsuga_menziesii
03313,Larix_decidua
07888,Quercus_faginea
16647,Crataegus_monogyna
06312,Quercus_petraea
04953,Quercus_petraea
10197,Acer_saccharum
12075,Betula_pendula
05019,Larix_decidua
01691,Pinus_sylvestris
03287,Larix_decidua
09822,Pinus_contorta
16645,Crataegus_monogyna
05715,Pinus_sylvestris
06516,Carpinus_betulus
03757,Fraxinus_excelsior
12854,Picea_abies
06868,Pinus_nigra
18147,Fagus_sylvatica
03031,Fagus_sylvatica
11149,Corylus_avellana
09857,Pinus_contorta
19902,Betula_pendula
11125,Corylus_avellana
07297,Pinus_nigra
07678,Quercus_faginea
18111,Crataegus_monogyna
12008,Betula_pendula
07056,Pinus_nigra
00447,Picea_abies
07273,Quercus_ilex
11012,Acer_pseudoplatanus
06456,Quercus_rubra
03598,Pinus_sylvestris
07308,Pinus_pinaster
11750,Picea_abies
04781,Fagus_sylvatica
09035,Quercus_ilex
00103,Eucalyptus_miniata
13823,Pseudotsuga_menziesii
09653,Pinus_contorta
18068,Ulmus_laevis
08100,Quercus_ilex
17210,Fraxinus_angustifolia
08553,Quercus_faginea
06130,Quercus_petraea
06757,Pinus_nigra
03724,Picea_abies
09856,Pinus_contorta
16942,Carpinus_betulus
16085,Carpinus_betulus
16742,Acer_campestre
03235,Fagus_sylvatica
10285,Acer_saccharum
06567,Quercus_rubra
17170,Acer_campestre
15173,Acer_campestre
17077,Acer_campestre
01499,Pinus_sylvestris
06741,Pinus_nigra
13177,Betula_pendula
03680,Fagus_sylvatica
06253,Quercus_petraea
12641,Pinus_sylvestris
11338,Acer_pseudoplatanus
18025,Tilia_cordata
10144,Populus_tremuloides
17601,Tilia_cordata
11045,Fraxinus_excelsior
16864,Crataegus_monogyna
08377,Quercus_faginea
06824,Pinus_nigra
07014,Pinus_nigra
11463,Betula_pendula
06653,Pinus_nigra
07660,Quercus_faginea
03426,Picea_abies
10149,Acer_saccharum
03168,Fagus_sylvatica
17806,Tilia_cordata
06077,Pseudotsuga_menziesii
00720,Quercus_robur
17300,Quercus_robur
17192,Fraxinus_angustifolia
13727,Pseudotsuga_menziesii
12683,Pinus_sylvestris
16798,Crataegus_monogyna
03926,Acer_pseudoplatanus
07102,Pinus_nigra
10180,Acer_saccharum
17060,Carpinus_betulus
13376,Abies_alba
11225,Fraxinus_excelsior
13288,Picea_abies
11790,Picea_abies
14495,Acer_campestre
10090,Populus_tremuloides
17318,Tilia_cordata
12946,Pinus_sylvestris
13183,Larix_decidua
00343,Eucalyptus_miniata
12910,Picea_abies
08290,Quercus_faginea
06408,Quercus_petraea
12909,Picea_abies
11384,Pinus_radiata
10278,Acer_saccharum
10531,Pinus_resinosa
08777,Quercus_ilex
11433,Betula_pendula
07061,Pinus_nigra
15366,Tilia_cordata
19443,Fagus_sylvatica
00314,Eucalyptus_miniata
17285,Acer_campestre
09766,Pinus_contorta
01040,Pseudotsuga_menziesii
04989,Larix_decidua
08983,Quercus_ilex
00185,Eucalyptus_miniata
01020,Pseudotsuga_menziesii
00782,Quercus_rubra
01029,Pseudotsuga_menziesii
11368,Pinus_radiata
18136,Ulmus_laevis
12813,Betula_pendula
10006,Populus_tremuloides
06413,Quercus_petraea
10395,Pinus_resinosa
02692,Pinus_sylvestris
12085,Betula_pendula
06957,Pinus_nigra
07395,Pinus_sylvestris
03304,Larix_decidua
06723,Pinus_nigra
10249,Acer_saccharum
17797,Carpinus_betulus
07783,Quercus_faginea
07113,Pinus_nigra
17132,Acer_campestre
19520,Betula_pendula
13077,Crataegus_monogyna
07030,Pinus_nigra
13525,Picea_glauca
03869,Carpinus_betulus
16634,Crataegus_monogyna
18095,Acer_campestre
01001,Pinus_sylvestris
16833,Euonymus_europaeus
19772,Betula_pendula
09872,Pinus_contorta
10458,Pinus_resinosa
06938,Pinus_nigra
16381,Carpinus_betulus
08053,Quercus_faginea
07295,Pinus_pinaster
13590,Picea_glauca
17789,Tilia_cordata
12258,Picea_abies
00069,Eucalyptus_miniata
15443,Acer_campestre
18026,Ulmus_laevis
09646,Pinus_contorta
03410,Picea_abies
11604,Picea_abies
06205,Quercus_petraea
16970,Euonymus_europaeus
04777,Carpinus_betulus
10057,Populus_tremuloides
05977,Pinus_sylvestris
16483,Carpinus_betulus
16759,Ulmus_laevis
16838,Crataegus_monogyna
00723,Quercus_robur
07488,Pinus_sylvestris
06847,Pinus_nigra
09079,Quercus_ilex
03918,Fagus_sylvatica
11277,Quercus_robur
15360,Acer_campestre
17251,Acer_campestre
07067,Pinus_nigra
17185,Acer_campestre
04462,Carpinus_betulus
00806,Quercus_rubra
18064,Ulmus_laevis
00184,Eucalyptus_miniata
07820,Quercus_faginea
17345,Tilia_cordata
14316,Acer_campestre
13512,Picea_glauca
13651,Abies_alba
13323,Abies_alba
09729,Pinus_contorta
09650,Pinus_contorta
19474,Fagus_sylvatica
11346,Pinus_radiata
10029,Betula_pendula
14878,Carpinus_betulus
19362,Fagus_sylvatica
09548,Pinus_contorta
10063,Populus_tremuloides
04314,Fagus_sylvatica
12873,Picea_abies
08984,Quercus_ilex
11342,Pinus_radiata
11365,Pinus_radiata
16544,Carpinus_betulus
05922,Picea_abies
08845,Quercus_ilex
17813,Tilia_cordata
03099,Fagus_sylvatica
09037,Quercus_ilex
09800,Pinus_contorta
17331,Tilia_cordata
00936,Fagus_sylvatica
06949,Pinus_nigra
13476,Picea_glauca
07046,Pinus_nigra
15944,Carpinus_betulus
16688,Fagus_sylvatica
09952,Populus_deltoides
06416,Quercus_petraea
10187,Acer_saccharum
13425,Picea_glauca
17194,Fraxinus_angustifolia
03018,Picea_abies
15273,Crataegus_monogyna
17815,Tilia_cordata
10748,Acer_pseudoplatanus
09991,Fagus_sylvatica
00389,Eucalyptus_miniata
06806,Pinus_nigra
13994,Quercus_robur
09613,Pinus_contorta
12118,Betula_pendula
08784,Quercus_ilex
17133,Carpinus_betulus
17087,Acer_campestre
03800,Acer_pseudoplatanus
15462,Acer_campestre
16859,Crataegus_monogyna
00803,Quercus_rubra
03257,Fagus_sylvatica
16977,Euonymus_europaeus
16905,Crataegus_monogyna
03447,Fagus_sylvatica
08253,Pinus_nigra
09355,Picea_abies
10051,Populus_tremuloides
17577,Tilia_cordata
16935,Crataegus_monogyna
11094,Acer_pseudoplatanus
18120,Carpinus_betulus
12814,Betula_pendula
11018,Acer_pseudoplatanus
13459,Picea_glauca
17260,Carpinus_betulus
04838,Acer_pseudoplatanus
16960,Crataegus_monogyna
11347,Pinus_radiata
17272,Acer_campestre
04939,Carpinus_betulus
10263,Acer_saccharum
16657,Carpinus_betulus
13565,Picea_glauca
00243,Eucalyptus_miniata
09563,Pinus_contorta
09738,Pinus_contorta
19397,Fagus_sylvatica
11289,Pinus_radiata
10469,Pinus_resinosa
17885,Fagus_sylvatica
15534,Carpinus_betulus
06370,Quercus_petraea
08762,Quercus_ilex
09254,Pinus_contorta
00341,Eucalyptus_miniata
00737,Quercus_rubra
17038,Euonymus_europaeus
08887,Quercus_ilex
07420,Betula_pendula
03956,Carpinus_betulus
07168,Pinus_nigra
13887,Abies_alba
17781,Tilia_cordata
04503,Fagus_sylvatica
06283,Prunus_avium
10004,Populus_tremuloides
06078,Pseudotsuga_menziesii
07244,Pinus_pinaster
05986,Pseudotsuga_menziesii
03677,Quercus_petraea
05790,Quercus_petraea
19348,Fagus_sylvatica
14401,Acer_campestre
09083,Quercus_ilex
00759,Quercus_rubra
17283,Fraxinus_excelsior
17332,Carpinus_betulus
04006,Fagus_sylvatica
09922,Populus_deltoides
13340,Abies_alba
10986,Acer_pseudoplatanus
06721,Pinus_nigra
13795,Pseudotsuga_menziesii
12050,Betula_pendula
07219,Pinus_pinaster
06385,Fagus_sylvatica
06518,Quercus_rubra
16700,Crataegus_monogyna
04974,Larix_decidua
09676,Pinus_contorta
17348,Carpinus_betulus
08868,Quercus_ilex
16692,Ulmus_laevis
11698,Picea_abies
13609,Picea_glauca
15489,Acer_campestre
17241,Fraxinus_angustifolia
10358,Pinus_resinosa
16933,Crataegus_monogyna
13359,Pinus_sylvestris
11397,Pinus_radiata
19318,Fagus_sylvatica
08352,Quercus_faginea
14678,Crataegus_monogyna
00766,Quercus_rubra
10510,Pinus_resinosa
00377,Eucalyptus_miniata
06709,Pinus_pinaster
10450,Pinus_resinosa
08782,Quercus_ilex
10074,Populus_tremuloides
00865,Tilia_cordata
18057,Acer_campestre
19871,Betula_pendula
11657,Picea_abies
11169,Acer_pseudoplatanus
17048,Carpinus_betulus
13911,Quercus_robur
07401,Pinus_sylvestris
10122,Populus_tremuloides
07737,Quercus_faginea
10177,Acer_saccharum
09853,Pinus_contorta
16969,Crataegus_monogyna
03915,Fagus_sylvatica
10592,Acer_pseudoplatanus
20080,Pinus_sylvestris
09281,Picea_abies
09910,Fagus_sylvatica
02386,Pinus_sylvestris
07178,Pinus_nigra
07077,Pinus_nigra
04997,Larix_decidua
11555,Betula_pendula
03248,Fagus_sylvatica
17275,Fraxinus_excelsior
03098,Fagus_sylvatica
01155,Pinus_sylvestris
10501,Pinus_resinosa
00808,Quercus_rubra
06779,Pinus_nigra
12332,Betula_pendula
11033,Acer_pseudoplatanus
03075,Fagus_sylvatica
09718,Pinus_contorta
17176,Acer_campestre
07513,Pinus_nigra
07246,Pinus_pinaster
06967,Pinus_nigra
16806,Crataegus_monogyna
13489,Picea_glauca
12887,Picea_abies
03723,Abies_alba
04250,Fagus_sylvatica
17346,Carpinus_betulus
10240,Acer_saccharum
06047,Pseudotsuga_menziesii
10036,Populus_tremuloides
09039,Quercus_ilex
08993,Quercus_ilex
07840,Quercus_faginea
